Date,RPM,Speed,nGear,Throttle,Brake,DRS,Source,Time,SessionTime,Distance
2025-03-15 05:58:00.457000,11161.0,318.0,8,99.0,False,14,car,0 days 00:00:00.218000,0 days 01:10:28.858000,19.256666666666664
2025-03-15 05:58:00.816000,11245.0,318.0,8,99.0,False,14,car,0 days 00:00:00.577000,0 days 01:10:29.217000,50.96833333333333
2025-03-15 05:58:01.096000,11303.0,320.0,8,99.0,False,14,car,0 days 00:00:00.857000,0 days 01:10:29.497000,75.85722222222222
2025-03-15 05:58:01.417000,11375.0,323.0,8,99.0,False,14,car,0 days 00:00:01.178000,0 days 01:10:29.818000,104.65805555555555
2025-03-15 05:58:01.617000,11400.0,324.0,8,99.0,False,14,car,0 days 00:00:01.378000,0 days 01:10:30.018000,122.65805555555555
2025-03-15 05:58:02.057000,11481.0,326.0,8,99.0,False,14,car,0 days 00:00:01.818000,0 days 01:10:30.458000,162.5025
2025-03-15 05:58:02.497000,11643.0,326.0,8,99.0,False,14,car,0 days 00:00:02.258000,0 days 01:10:30.898000,202.34694444444443
2025-03-15 05:58:02.896000,11454.0,326.0,8,98.0,False,14,car,0 days 00:00:02.657000,0 days 01:10:31.297000,238.4786111111111
2025-03-15 05:58:03.296000,10360.0,292.0,8,0.0,True,8,car,0 days 00:00:03.057000,0 days 01:10:31.697000,270.92305555555555
2025-03-15 05:58:03.536000,10117.0,244.0,8,0.0,True,8,car,0 days 00:00:03.297000,0 days 01:10:31.937000,287.18972222222226
2025-03-15 05:58:03.936000,9874.0,211.0,8,0.0,True,8,car,0 days 00:00:03.697000,0 days 01:10:32.337000,310.6341666666667
2025-03-15 05:58:04.296000,10586.0,201.0,5,11.0,False,8,car,0 days 00:00:04.057000,0 days 01:10:32.697000,330.73416666666674
2025-03-15 05:58:04.737000,10631.0,198.0,5,78.0,False,8,car,0 days 00:00:04.498000,0 days 01:10:33.138000,354.98916666666673
2025-03-15 05:58:05.057000,10855.0,205.0,5,99.0,False,8,car,0 days 00:00:04.818000,0 days 01:10:33.458000,373.2113888888889
2025-03-15 05:58:05.297000,11089.0,210.0,5,99.0,False,8,car,0 days 00:00:05.058000,0 days 01:10:33.698000,387.2113888888889
2025-03-15 05:58:05.537000,11483.0,219.0,5,100.0,False,8,car,0 days 00:00:05.298000,0 days 01:10:33.938000,401.8113888888889
2025-03-15 05:58:05.736000,11747.0,219.0,5,100.0,False,8,car,0 days 00:00:05.497000,0 days 01:10:34.137000,413.9172222222222
2025-03-15 05:58:06.016000,10515.0,228.0,6,99.0,False,8,car,0 days 00:00:05.777000,0 days 01:10:34.417000,431.65055555555557
2025-03-15 05:58:06.417000,10845.0,236.0,6,99.0,False,8,car,0 days 00:00:06.178000,0 days 01:10:34.818000,457.93833333333333
2025-03-15 05:58:06.857000,11137.0,243.0,6,100.0,False,8,car,0 days 00:00:06.618000,0 days 01:10:35.258000,487.6383333333334
2025-03-15 05:58:07.217000,11389.0,249.0,6,100.0,False,8,car,0 days 00:00:06.978000,0 days 01:10:35.618000,512.5383333333333
2025-03-15 05:58:07.656000,11726.0,254.0,6,99.0,False,8,car,0 days 00:00:07.417000,0 days 01:10:36.057000,543.5122222222221
2025-03-15 05:58:07.857000,11523.0,260.0,6,99.0,False,14,car,0 days 00:00:07.618000,0 days 01:10:36.258000,558.0288888888888
2025-03-15 05:58:08.177000,10639.0,266.0,7,99.0,False,14,car,0 days 00:00:07.938000,0 days 01:10:36.578000,581.6733333333332
2025-03-15 05:58:08.337000,10725.0,270.0,7,99.0,False,14,car,0 days 00:00:08.098000,0 days 01:10:36.738000,593.6733333333333
2025-03-15 05:58:08.697000,11058.0,275.0,7,99.0,False,14,car,0 days 00:00:08.458000,0 days 01:10:37.098000,621.1733333333333
2025-03-15 05:58:08.937000,11134.0,280.0,7,99.0,False,14,car,0 days 00:00:08.698000,0 days 01:10:37.338000,639.8399999999999
2025-03-15 05:58:09.097000,11317.0,282.0,7,99.0,False,14,car,0 days 00:00:08.858000,0 days 01:10:37.498000,652.3733333333332
2025-03-15 05:58:09.536000,11540.0,289.0,7,99.0,False,14,car,0 days 00:00:09.297000,0 days 01:10:37.937000,687.6152777777777
2025-03-15 05:58:09.696000,11604.0,289.0,7,99.0,False,14,car,0 days 00:00:09.457000,0 days 01:10:38.097000,700.4597222222221
2025-03-15 05:58:10.016000,11136.0,295.0,7,99.0,False,14,car,0 days 00:00:09.777000,0 days 01:10:38.417000,726.6819444444442
2025-03-15 05:58:10.216000,10529.0,297.0,8,99.0,False,14,car,0 days 00:00:09.977000,0 days 01:10:38.617000,743.1819444444443
2025-03-15 05:58:10.417000,10579.0,300.0,8,99.0,False,14,car,0 days 00:00:10.178000,0 days 01:10:38.818000,759.9319444444443
2025-03-15 05:58:10.697000,10680.0,303.0,8,99.0,False,14,car,0 days 00:00:10.458000,0 days 01:10:39.098000,783.4986111111109
2025-03-15 05:58:10.896000,10771.0,305.0,8,99.0,False,14,car,0 days 00:00:10.657000,0 days 01:10:39.297000,800.3583333333331
2025-03-15 05:58:11.336000,10880.0,308.0,8,99.0,False,14,car,0 days 00:00:11.097000,0 days 01:10:39.737000,838.0027777777775
2025-03-15 05:58:11.537000,10935.0,310.0,8,99.0,False,14,car,0 days 00:00:11.298000,0 days 01:10:39.938000,855.3111111111109
2025-03-15 05:58:11.777000,11000.0,312.0,8,99.0,False,14,car,0 days 00:00:11.538000,0 days 01:10:40.178000,876.111111111111
2025-03-15 05:58:11.936000,11033.0,313.0,8,99.0,False,14,car,0 days 00:00:11.697000,0 days 01:10:40.337000,889.9352777777775
2025-03-15 05:58:12.176000,10903.0,314.0,8,99.0,False,14,car,0 days 00:00:11.937000,0 days 01:10:40.577000,910.8686111111109
2025-03-15 05:58:12.456000,11096.0,315.0,8,98.0,False,14,car,0 days 00:00:12.217000,0 days 01:10:40.857000,935.368611111111
2025-03-15 05:58:12.736000,10538.0,292.0,8,17.0,True,8,car,0 days 00:00:12.497000,0 days 01:10:41.137000,958.0797222222221
2025-03-15 05:58:12.977000,9219.0,258.0,8,0.0,True,8,car,0 days 00:00:12.738000,0 days 01:10:41.378000,975.3513888888888
2025-03-15 05:58:13.217000,9005.0,230.0,8,0.0,True,8,car,0 days 00:00:12.978000,0 days 01:10:41.618000,990.6847222222221
2025-03-15 05:58:13.417000,8900.0,203.0,8,0.0,True,8,car,0 days 00:00:13.178000,0 days 01:10:41.818000,1001.9625
2025-03-15 05:58:13.737000,9866.0,160.0,8,0.0,True,8,car,0 days 00:00:13.498000,0 days 01:10:42.138000,1016.1847222222221
2025-03-15 05:58:13.937000,9166.0,147.0,7,0.0,True,8,car,0 days 00:00:13.698000,0 days 01:10:42.338000,1024.3513888888888
2025-03-15 05:58:14.097000,9729.0,147.0,5,0.0,True,8,car,0 days 00:00:13.858000,0 days 01:10:42.498000,1030.884722222222
2025-03-15 05:58:14.377000,9059.0,129.0,3,0.0,True,8,car,0 days 00:00:14.138000,0 days 01:10:42.778000,1040.9180555555554
2025-03-15 05:58:14.537000,8791.0,123.0,3,0.0,True,8,car,0 days 00:00:14.298000,0 days 01:10:42.938000,1046.384722222222
2025-03-15 05:58:14.777000,8261.0,119.0,3,0.0,True,8,car,0 days 00:00:14.538000,0 days 01:10:43.178000,1054.3180555555555
2025-03-15 05:58:15.017000,8066.0,114.0,3,0.0,False,8,car,0 days 00:00:14.778000,0 days 01:10:43.418000,1061.9180555555554
2025-03-15 05:58:15.257000,7836.0,110.0,3,0.0,False,8,car,0 days 00:00:15.018000,0 days 01:10:43.658000,1069.2513888888886
2025-03-15 05:58:15.417000,7875.0,109.0,3,13.0,False,8,car,0 days 00:00:15.178000,0 days 01:10:43.818000,1074.095833333333
2025-03-15 05:58:15.617000,8054.0,109.0,3,35.0,False,8,car,0 days 00:00:15.378000,0 days 01:10:44.018000,1080.1513888888885
2025-03-15 05:58:15.896000,8481.0,113.0,3,53.0,False,8,car,0 days 00:00:15.657000,0 days 01:10:44.297000,1088.9088888888884
2025-03-15 05:58:16.176000,9164.0,121.0,3,70.0,False,8,car,0 days 00:00:15.937000,0 days 01:10:44.577000,1098.3199999999995
2025-03-15 05:58:16.377000,9582.0,127.0,3,78.0,False,8,car,0 days 00:00:16.138000,0 days 01:10:44.778000,1105.410833333333
2025-03-15 05:58:16.736000,10815.0,140.0,3,98.0,False,8,car,0 days 00:00:16.497000,0 days 01:10:45.137000,1119.371944444444
2025-03-15 05:58:16.977000,11428.0,155.0,3,99.0,False,8,car,0 days 00:00:16.738000,0 days 01:10:45.378000,1129.7483333333328
2025-03-15 05:58:17.176000,11979.0,165.0,3,99.0,False,8,car,0 days 00:00:16.937000,0 days 01:10:45.577000,1138.8691666666662
2025-03-15 05:58:17.416000,10758.0,173.0,3,95.0,False,8,car,0 days 00:00:17.177000,0 days 01:10:45.817000,1150.4024999999995
2025-03-15 05:58:17.616000,10494.0,174.0,4,39.0,False,8,car,0 days 00:00:17.377000,0 days 01:10:46.017000,1160.0691666666662
2025-03-15 05:58:17.817000,10401.0,172.0,4,3.0,False,8,car,0 days 00:00:17.578000,0 days 01:10:46.218000,1169.6724999999997
2025-03-15 05:58:18.057000,9910.0,166.0,4,5.0,False,8,car,0 days 00:00:17.818000,0 days 01:10:46.458000,1180.7391666666665
2025-03-15 05:58:18.337000,9870.0,161.0,4,40.0,False,8,car,0 days 00:00:18.098000,0 days 01:10:46.738000,1193.2613888888886
2025-03-15 05:58:18.577000,10151.0,165.0,4,68.0,False,8,car,0 days 00:00:18.338000,0 days 01:10:46.978000,1204.2613888888886
2025-03-15 05:58:18.817000,10760.0,169.0,4,99.0,False,8,car,0 days 00:00:18.578000,0 days 01:10:47.218000,1215.5280555555553
2025-03-15 05:58:19.137000,11135.0,182.0,4,86.0,False,8,car,0 days 00:00:18.898000,0 days 01:10:47.538000,1231.705833333333
2025-03-15 05:58:19.377000,11762.0,189.0,4,99.0,False,8,car,0 days 00:00:19.138000,0 days 01:10:47.778000,1244.305833333333
2025-03-15 05:58:19.697000,10630.0,199.0,5,100.0,False,8,car,0 days 00:00:19.458000,0 days 01:10:48.098000,1261.9947222222218
2025-03-15 05:58:20.017000,11055.0,208.0,5,100.0,False,8,car,0 days 00:00:19.778000,0 days 01:10:48.418000,1280.4836111111106
2025-03-15 05:58:20.257000,11479.0,218.0,5,100.0,False,8,car,0 days 00:00:20.018000,0 days 01:10:48.658000,1295.016944444444
2025-03-15 05:58:20.416000,11622.0,221.0,5,100.0,False,8,car,0 days 00:00:20.177000,0 days 01:10:48.817000,1304.7777777777774
2025-03-15 05:58:20.577000,11507.0,227.0,5,99.0,False,8,car,0 days 00:00:20.338000,0 days 01:10:48.978000,1314.929722222222
2025-03-15 05:58:20.817000,10714.0,231.0,5,99.0,False,8,car,0 days 00:00:20.578000,0 days 01:10:49.218000,1330.3297222222218
2025-03-15 05:58:21.217000,11094.0,241.0,6,99.0,False,8,car,0 days 00:00:20.978000,0 days 01:10:49.618000,1357.1074999999996
2025-03-15 05:58:21.377000,11294.0,245.0,6,98.0,False,8,car,0 days 00:00:21.138000,0 days 01:10:49.778000,1367.9963888888885
2025-03-15 05:58:21.657000,11452.0,250.0,6,98.0,False,8,car,0 days 00:00:21.418000,0 days 01:10:50.058000,1387.4408333333329
2025-03-15 05:58:21.897000,11544.0,253.0,6,98.0,False,8,car,0 days 00:00:21.658000,0 days 01:10:50.298000,1404.3074999999997
2025-03-15 05:58:22.057000,11674.0,255.0,6,98.0,False,8,car,0 days 00:00:21.818000,0 days 01:10:50.458000,1415.640833333333
2025-03-15 05:58:22.457000,10362.0,257.0,6,98.0,False,8,car,0 days 00:00:22.218000,0 days 01:10:50.858000,1444.1963888888884
2025-03-15 05:58:22.937000,10505.0,261.0,7,98.0,False,8,car,0 days 00:00:22.698000,0 days 01:10:51.338000,1478.9963888888883
2025-03-15 05:58:23.096000,10543.0,262.0,7,98.0,False,8,car,0 days 00:00:22.857000,0 days 01:10:51.497000,1490.5680555555548
2025-03-15 05:58:23.256000,10583.0,262.0,7,99.0,False,8,car,0 days 00:00:23.017000,0 days 01:10:51.657000,1502.2124999999992
2025-03-15 05:58:23.576000,10825.0,268.0,7,99.0,False,8,car,0 days 00:00:23.337000,0 days 01:10:51.977000,1526.0347222222215
2025-03-15 05:58:23.816000,10872.0,269.0,7,99.0,False,8,car,0 days 00:00:23.577000,0 days 01:10:52.217000,1543.9680555555549
2025-03-15 05:58:24.057000,10996.0,276.0,7,99.0,False,8,car,0 days 00:00:23.818000,0 days 01:10:52.458000,1562.4447222222216
2025-03-15 05:58:24.376000,11146.0,278.0,7,99.0,False,8,car,0 days 00:00:24.137000,0 days 01:10:52.777000,1587.0786111111104
2025-03-15 05:58:24.537000,11265.0,281.0,7,99.0,False,8,car,0 days 00:00:24.298000,0 days 01:10:52.938000,1599.6455555555547
2025-03-15 05:58:24.817000,11257.0,282.0,7,99.0,False,8,car,0 days 00:00:24.578000,0 days 01:10:53.218000,1621.578888888888
2025-03-15 05:58:25.016000,11409.0,285.0,7,99.0,False,8,car,0 days 00:00:24.777000,0 days 01:10:53.417000,1637.333055555555
2025-03-15 05:58:25.177000,11460.0,287.0,7,99.0,False,8,car,0 days 00:00:24.938000,0 days 01:10:53.578000,1650.1683333333324
2025-03-15 05:58:25.417000,11490.0,289.0,7,99.0,False,8,car,0 days 00:00:25.178000,0 days 01:10:53.818000,1669.4349999999993
2025-03-15 05:58:25.657000,11527.0,289.0,7,99.0,False,8,car,0 days 00:00:25.418000,0 days 01:10:54.058000,1688.701666666666
2025-03-15 05:58:26.057000,11545.0,290.0,7,99.0,False,8,car,0 days 00:00:25.818000,0 days 01:10:54.458000,1720.9238888888883
2025-03-15 05:58:26.337000,11544.0,290.0,7,99.0,False,8,car,0 days 00:00:26.098000,0 days 01:10:54.738000,1743.4794444444437
2025-03-15 05:58:26.577000,11525.0,289.0,7,22.0,False,8,car,0 days 00:00:26.338000,0 days 01:10:54.978000,1762.7461111111106
2025-03-15 05:58:26.737000,11428.0,279.0,7,1.0,True,8,car,0 days 00:00:26.498000,0 days 01:10:55.138000,1775.1461111111107
2025-03-15 05:58:27.017000,11170.0,263.0,7,0.0,True,8,car,0 days 00:00:26.778000,0 days 01:10:55.418000,1795.601666666666
2025-03-15 05:58:27.257000,11192.0,248.0,6,1.0,False,8,car,0 days 00:00:27.018000,0 days 01:10:55.658000,1812.1349999999995
2025-03-15 05:58:27.496000,11009.0,243.0,6,23.0,False,8,car,0 days 00:00:27.257000,0 days 01:10:55.897000,1828.2674999999995
2025-03-15 05:58:27.697000,10976.0,243.0,6,42.0,False,8,car,0 days 00:00:27.458000,0 days 01:10:56.098000,1841.8349999999994
2025-03-15 05:58:27.897000,10777.0,235.0,6,56.0,False,8,car,0 days 00:00:27.658000,0 days 01:10:56.298000,1854.890555555555
2025-03-15 05:58:28.097000,10849.0,233.0,6,99.0,False,8,car,0 days 00:00:27.858000,0 days 01:10:56.498000,1867.8349999999994
2025-03-15 05:58:28.377000,11044.0,238.0,6,99.0,False,8,car,0 days 00:00:28.138000,0 days 01:10:56.778000,1886.3461111111105
2025-03-15 05:58:28.657000,11240.0,244.0,6,100.0,False,8,car,0 days 00:00:28.418000,0 days 01:10:57.058000,1905.3238888888882
2025-03-15 05:58:28.937000,11371.0,251.0,6,100.0,False,8,car,0 days 00:00:28.698000,0 days 01:10:57.338000,1924.8461111111105
2025-03-15 05:58:29.376000,11722.0,257.0,6,99.0,False,8,car,0 days 00:00:29.137000,0 days 01:10:57.777000,1956.1858333333328
2025-03-15 05:58:29.536000,11022.0,258.0,6,99.0,False,8,car,0 days 00:00:29.297000,0 days 01:10:57.937000,1967.6524999999995
2025-03-15 05:58:29.896000,10654.0,265.0,7,99.0,False,8,car,0 days 00:00:29.657000,0 days 01:10:58.297000,1994.1524999999995
2025-03-15 05:58:30.336000,10844.0,273.0,7,99.0,False,8,car,0 days 00:00:30.097000,0 days 01:10:58.737000,2027.5191666666663
2025-03-15 05:58:30.577000,11070.0,275.0,7,98.0,False,8,car,0 days 00:00:30.338000,0 days 01:10:58.978000,2045.9288888888884
2025-03-15 05:58:30.817000,11102.0,277.0,7,98.0,False,8,car,0 days 00:00:30.578000,0 days 01:10:59.218000,2064.395555555555
2025-03-15 05:58:31.056000,11207.0,280.0,7,98.0,False,8,car,0 days 00:00:30.817000,0 days 01:10:59.457000,2082.984444444444
2025-03-15 05:58:31.216000,11261.0,281.0,7,98.0,False,8,car,0 days 00:00:30.977000,0 days 01:10:59.617000,2095.473333333333
2025-03-15 05:58:31.496000,11374.0,283.0,7,98.0,False,8,car,0 days 00:00:31.257000,0 days 01:10:59.897000,2117.4844444444443
2025-03-15 05:58:31.816000,11416.0,283.0,7,98.0,False,8,car,0 days 00:00:31.577000,0 days 01:11:00.217000,2142.64
2025-03-15 05:58:31.977000,11454.0,287.0,7,98.0,False,8,car,0 days 00:00:31.738000,0 days 01:11:00.378000,2155.4752777777776
2025-03-15 05:58:32.257000,11526.0,288.0,7,98.0,False,8,car,0 days 00:00:32.018000,0 days 01:11:00.658000,2177.8752777777777
2025-03-15 05:58:32.497000,11588.0,288.0,7,98.0,False,8,car,0 days 00:00:32.258000,0 days 01:11:00.898000,2197.075277777778
2025-03-15 05:58:32.777000,11647.0,291.0,7,98.0,False,8,car,0 days 00:00:32.538000,0 days 01:11:01.178000,2219.7086111111107
2025-03-15 05:58:33.137000,11024.0,294.0,7,98.0,False,8,car,0 days 00:00:32.898000,0 days 01:11:01.538000,2249.1086111111113
2025-03-15 05:58:33.297000,10414.0,294.0,8,99.0,False,8,car,0 days 00:00:33.058000,0 days 01:11:01.698000,2262.175277777778
2025-03-15 05:58:33.657000,10482.0,297.0,8,99.0,False,8,car,0 days 00:00:33.418000,0 days 01:11:02.058000,2291.8752777777777
2025-03-15 05:58:33.857000,10517.0,298.0,8,99.0,False,8,car,0 days 00:00:33.618000,0 days 01:11:02.258000,2308.4308333333333
2025-03-15 05:58:34.217000,10592.0,300.0,8,99.0,False,8,car,0 days 00:00:33.978000,0 days 01:11:02.618000,2338.4308333333333
2025-03-15 05:58:34.377000,10634.0,301.0,8,99.0,False,8,car,0 days 00:00:34.138000,0 days 01:11:02.778000,2351.8086111111106
2025-03-15 05:58:34.657000,10685.0,302.0,8,99.0,False,8,car,0 days 00:00:34.418000,0 days 01:11:03.058000,2375.2974999999997
2025-03-15 05:58:35.017000,10729.0,304.0,8,99.0,False,8,car,0 days 00:00:34.778000,0 days 01:11:03.418000,2405.6974999999998
2025-03-15 05:58:35.257000,10780.0,305.0,8,98.0,False,8,car,0 days 00:00:35.018000,0 days 01:11:03.658000,2426.0308333333332
2025-03-15 05:58:35.457000,10794.0,305.0,8,99.0,False,8,car,0 days 00:00:35.218000,0 days 01:11:03.858000,2442.975277777778
2025-03-15 05:58:35.617000,10805.0,305.0,8,99.0,False,8,car,0 days 00:00:35.378000,0 days 01:11:04.018000,2456.5308333333332
2025-03-15 05:58:35.817000,10799.0,306.0,8,98.0,False,8,car,0 days 00:00:35.578000,0 days 01:11:04.218000,2473.5308333333337
2025-03-15 05:58:36.017000,10825.0,306.0,8,98.0,False,8,car,0 days 00:00:35.778000,0 days 01:11:04.418000,2490.5308333333332
2025-03-15 05:58:36.336000,10869.0,307.0,8,99.0,False,14,car,0 days 00:00:36.097000,0 days 01:11:04.737000,2517.7344444444448
2025-03-15 05:58:36.577000,10936.0,309.0,8,99.0,False,14,car,0 days 00:00:36.338000,0 days 01:11:04.978000,2538.420277777778
2025-03-15 05:58:36.936000,11030.0,313.0,8,99.0,False,14,car,0 days 00:00:36.697000,0 days 01:11:05.337000,2569.633333333334
2025-03-15 05:58:37.176000,11092.0,314.0,8,99.0,False,14,car,0 days 00:00:36.937000,0 days 01:11:05.577000,2590.566666666667
2025-03-15 05:58:37.337000,11112.0,316.0,8,99.0,False,14,car,0 days 00:00:37.098000,0 days 01:11:05.738000,2604.6988888888895
2025-03-15 05:58:37.496000,11213.0,317.0,8,99.0,False,14,car,0 days 00:00:37.257000,0 days 01:11:05.897000,2618.6997222222226
2025-03-15 05:58:37.657000,11228.0,318.0,8,99.0,False,14,car,0 days 00:00:37.418000,0 days 01:11:06.058000,2632.9213888888894
2025-03-15 05:58:37.897000,11265.0,319.0,8,99.0,False,14,car,0 days 00:00:37.658000,0 days 01:11:06.298000,2654.1880555555563
2025-03-15 05:58:38.177000,11328.0,321.0,8,99.0,False,14,car,0 days 00:00:37.938000,0 days 01:11:06.578000,2679.154722222223
2025-03-15 05:58:38.336000,11366.0,321.0,8,99.0,False,14,car,0 days 00:00:38.097000,0 days 01:11:06.737000,2693.3322222222228
2025-03-15 05:58:38.697000,11409.0,323.0,8,99.0,False,14,car,0 days 00:00:38.458000,0 days 01:11:07.098000,2725.7219444444445
2025-03-15 05:58:38.896000,11444.0,324.0,8,99.0,False,14,car,0 days 00:00:38.657000,0 days 01:11:07.297000,2743.6319444444443
2025-03-15 05:58:39.216000,11475.0,325.0,8,99.0,False,14,car,0 days 00:00:38.977000,0 days 01:11:07.617000,2772.520833333333
2025-03-15 05:58:39.496000,11485.0,325.0,8,99.0,False,14,car,0 days 00:00:39.257000,0 days 01:11:07.897000,2797.798611111111
2025-03-15 05:58:39.817000,11469.0,325.0,8,99.0,False,14,car,0 days 00:00:39.578000,0 days 01:11:08.218000,2826.777777777778
2025-03-15 05:58:40.177000,11522.0,326.0,8,99.0,False,14,car,0 days 00:00:39.938000,0 days 01:11:08.578000,2859.3777777777777
2025-03-15 05:58:40.457000,11490.0,326.0,8,99.0,False,14,car,0 days 00:00:40.218000,0 days 01:11:08.858000,2884.7333333333336
2025-03-15 05:58:40.697000,11509.0,326.0,8,99.0,False,14,car,0 days 00:00:40.458000,0 days 01:11:09.098000,2906.4666666666662
2025-03-15 05:58:41.097000,11495.0,326.0,8,99.0,False,14,car,0 days 00:00:40.858000,0 days 01:11:09.498000,2942.6888888888884
2025-03-15 05:58:41.377000,11534.0,327.0,8,99.0,False,14,car,0 days 00:00:41.138000,0 days 01:11:09.778000,2968.122222222222
2025-03-15 05:58:41.577000,11540.0,327.0,8,99.0,False,14,car,0 days 00:00:41.338000,0 days 01:11:09.978000,2986.288888888889
2025-03-15 05:58:41.857000,11566.0,327.0,8,99.0,False,14,car,0 days 00:00:41.618000,0 days 01:11:10.258000,3011.722222222222
2025-03-15 05:58:42.057000,11566.0,328.0,8,99.0,False,14,car,0 days 00:00:41.818000,0 days 01:11:10.458000,3029.944444444444
2025-03-15 05:58:42.217000,11607.0,328.0,8,99.0,False,14,car,0 days 00:00:41.978000,0 days 01:11:10.618000,3044.522222222222
2025-03-15 05:58:42.657000,11593.0,329.0,8,99.0,False,14,car,0 days 00:00:42.418000,0 days 01:11:11.058000,3084.7333333333327
2025-03-15 05:58:42.856000,11599.0,328.0,8,99.0,False,14,car,0 days 00:00:42.617000,0 days 01:11:11.257000,3102.8644444444435
2025-03-15 05:58:43.016000,11608.0,329.0,8,99.0,False,14,car,0 days 00:00:42.777000,0 days 01:11:11.417000,3117.486666666666
2025-03-15 05:58:43.176000,11559.0,329.0,8,99.0,False,14,car,0 days 00:00:42.937000,0 days 01:11:11.577000,3132.108888888888
2025-03-15 05:58:43.416000,11536.0,328.0,8,99.0,False,14,car,0 days 00:00:43.177000,0 days 01:11:11.817000,3153.975555555555
2025-03-15 05:58:43.576000,11480.0,327.0,8,32.0,False,10,car,0 days 00:00:43.337000,0 days 01:11:11.977000,3168.5088888888886
2025-03-15 05:58:43.816000,11130.0,317.0,8,0.0,True,10,car,0 days 00:00:43.577000,0 days 01:11:12.217000,3189.6422222222213
2025-03-15 05:58:44.137000,11530.0,286.0,8,0.0,True,8,car,0 days 00:00:43.898000,0 days 01:11:12.538000,3215.1438888888883
2025-03-15 05:58:44.576000,10550.0,268.0,7,8.0,False,8,car,0 days 00:00:44.337000,0 days 01:11:12.977000,3247.8249999999994
2025-03-15 05:58:44.936000,10308.0,254.0,7,44.0,False,8,car,0 days 00:00:44.697000,0 days 01:11:13.337000,3273.2249999999995
2025-03-15 05:58:45.096000,10290.0,254.0,7,84.0,False,8,car,0 days 00:00:44.857000,0 days 01:11:13.497000,3284.5138888888882
2025-03-15 05:58:45.297000,10291.0,255.0,7,99.0,False,8,car,0 days 00:00:45.058000,0 days 01:11:13.698000,3298.7513888888884
2025-03-15 05:58:45.657000,10472.0,262.0,7,98.0,False,8,car,0 days 00:00:45.418000,0 days 01:11:14.058000,3324.9513888888882
2025-03-15 05:58:45.897000,10343.0,262.0,7,75.0,False,8,car,0 days 00:00:45.658000,0 days 01:11:14.298000,3342.418055555555
2025-03-15 05:58:46.097000,10361.0,257.0,7,65.0,False,8,car,0 days 00:00:45.858000,0 days 01:11:14.498000,3356.6958333333323
2025-03-15 05:58:46.337000,10365.0,257.0,7,96.0,False,8,car,0 days 00:00:46.098000,0 days 01:11:14.738000,3373.829166666666
2025-03-15 05:58:46.536000,10338.0,258.0,7,98.0,False,8,car,0 days 00:00:46.297000,0 days 01:11:14.937000,3388.0908333333323
2025-03-15 05:58:46.777000,10435.0,257.0,7,95.0,False,8,car,0 days 00:00:46.538000,0 days 01:11:15.178000,3405.2955555555545
2025-03-15 05:58:47.217000,10500.0,259.0,7,99.0,False,8,car,0 days 00:00:46.978000,0 days 01:11:15.618000,3436.9511111111105
2025-03-15 05:58:47.617000,10711.0,266.0,7,99.0,False,8,car,0 days 00:00:47.378000,0 days 01:11:16.018000,3466.506666666666
2025-03-15 05:58:48.057000,10916.0,272.0,7,99.0,False,10,car,0 days 00:00:47.818000,0 days 01:11:16.458000,3499.7511111111103
2025-03-15 05:58:48.297000,11084.0,276.0,7,99.0,False,10,car,0 days 00:00:48.058000,0 days 01:11:16.698000,3518.1511111111104
2025-03-15 05:58:48.537000,11224.0,282.0,7,99.0,False,14,car,0 days 00:00:48.298000,0 days 01:11:16.938000,3536.9511111111105
2025-03-15 05:58:48.937000,11446.0,287.0,7,99.0,False,14,car,0 days 00:00:48.698000,0 days 01:11:17.338000,3568.8399999999992
2025-03-15 05:58:49.217000,11637.0,290.0,7,99.0,False,14,car,0 days 00:00:48.978000,0 days 01:11:17.618000,3591.395555555555
2025-03-15 05:58:49.457000,10797.0,294.0,7,99.0,False,14,car,0 days 00:00:49.218000,0 days 01:11:17.858000,3610.9955555555553
2025-03-15 05:58:49.696000,10422.0,297.0,8,99.0,False,14,car,0 days 00:00:49.457000,0 days 01:11:18.097000,3630.713055555555
2025-03-15 05:58:49.936000,10572.0,300.0,8,99.0,False,14,car,0 days 00:00:49.697000,0 days 01:11:18.337000,3650.713055555555
2025-03-15 05:58:50.296000,10685.0,303.0,8,98.0,False,14,car,0 days 00:00:50.057000,0 days 01:11:18.697000,3681.013055555555
2025-03-15 05:58:50.457000,10702.0,304.0,8,99.0,False,14,car,0 days 00:00:50.218000,0 days 01:11:18.858000,3694.608611111111
2025-03-15 05:58:50.776000,10841.0,307.0,8,98.0,False,14,car,0 days 00:00:50.537000,0 days 01:11:19.177000,3721.8122222222214
2025-03-15 05:58:51.096000,10947.0,309.0,8,98.0,False,14,car,0 days 00:00:50.857000,0 days 01:11:19.497000,3749.278888888888
2025-03-15 05:58:51.297000,10978.0,311.0,8,98.0,False,14,car,0 days 00:00:51.058000,0 days 01:11:19.698000,3766.643055555555
2025-03-15 05:58:51.577000,11068.0,313.0,8,98.0,False,14,car,0 days 00:00:51.338000,0 days 01:11:19.978000,3790.9874999999993
2025-03-15 05:58:51.936000,11147.0,316.0,8,99.0,False,14,car,0 days 00:00:51.697000,0 days 01:11:20.337000,3822.499722222222
2025-03-15 05:58:52.097000,11207.0,316.0,8,99.0,False,14,car,0 days 00:00:51.858000,0 days 01:11:20.498000,3836.6319444444434
2025-03-15 05:58:52.457000,11236.0,320.0,8,99.0,False,14,car,0 days 00:00:52.218000,0 days 01:11:20.858000,3868.631944444444
2025-03-15 05:58:52.657000,11337.0,321.0,8,99.0,False,14,car,0 days 00:00:52.418000,0 days 01:11:21.058000,3886.465277777777
2025-03-15 05:58:53.056000,11356.0,322.0,8,99.0,False,14,car,0 days 00:00:52.817000,0 days 01:11:21.457000,3922.1536111111104
2025-03-15 05:58:53.217000,11340.0,322.0,8,99.0,False,14,car,0 days 00:00:52.978000,0 days 01:11:21.618000,3936.554166666666
2025-03-15 05:58:53.537000,11359.0,322.0,8,99.0,False,14,car,0 days 00:00:53.298000,0 days 01:11:21.938000,3965.176388888888
2025-03-15 05:58:53.857000,10824.0,285.0,8,0.0,True,10,car,0 days 00:00:53.618000,0 days 01:11:22.258000,3990.5097222222216
2025-03-15 05:58:54.057000,9547.0,247.0,8,0.0,True,8,car,0 days 00:00:53.818000,0 days 01:11:22.458000,4004.2319444444433
2025-03-15 05:58:54.497000,9386.0,185.0,8,0.0,True,8,car,0 days 00:00:54.258000,0 days 01:11:22.898000,4026.8430555555547
2025-03-15 05:58:54.817000,9806.0,156.0,5,0.0,True,8,car,0 days 00:00:54.578000,0 days 01:11:23.218000,4040.7097222222214
2025-03-15 05:58:55.057000,10190.0,143.0,4,0.0,True,8,car,0 days 00:00:54.818000,0 days 01:11:23.458000,4050.2430555555547
2025-03-15 05:58:55.298000,9629.0,138.0,3,0.0,False,8,car,0 days 00:00:55.059000,0 days 01:11:23.699000,4059.481388888888
2025-03-15 05:58:55.457000,9636.0,134.0,3,0.0,True,8,car,0 days 00:00:55.218000,0 days 01:11:23.858000,4065.3997222222215
2025-03-15 05:58:55.777000,9404.0,131.0,3,12.0,False,8,car,0 days 00:00:55.538000,0 days 01:11:24.178000,4077.0441666666657
2025-03-15 05:58:56.138000,9757.0,129.0,3,19.0,False,8,car,0 days 00:00:55.899000,0 days 01:11:24.539000,4089.979999999999
2025-03-15 05:58:56.336000,9758.0,131.0,3,42.0,False,8,car,0 days 00:00:56.097000,0 days 01:11:24.737000,4097.1849999999995
2025-03-15 05:58:56.697000,10557.0,140.0,3,76.0,False,8,car,0 days 00:00:56.458000,0 days 01:11:25.098000,4111.223888888888
2025-03-15 05:58:57.096000,10842.0,156.0,3,98.0,False,8,car,0 days 00:00:56.857000,0 days 01:11:25.497000,4128.513888888888
2025-03-15 05:58:57.416000,10799.0,168.0,4,99.0,False,8,car,0 days 00:00:57.177000,0 days 01:11:25.817000,4143.447222222221
2025-03-15 05:58:57.577000,11166.0,178.0,4,99.0,False,8,car,0 days 00:00:57.338000,0 days 01:11:25.978000,4151.407777777777
2025-03-15 05:58:57.817000,10899.0,187.0,4,99.0,False,8,car,0 days 00:00:57.578000,0 days 01:11:26.218000,4163.874444444444
2025-03-15 05:58:58.137000,10517.0,198.0,5,100.0,False,8,car,0 days 00:00:57.898000,0 days 01:11:26.538000,4181.474444444444
2025-03-15 05:58:58.536000,11199.0,211.0,5,98.0,False,8,car,0 days 00:00:58.297000,0 days 01:11:26.937000,4204.860277777777
2025-03-15 05:58:58.857000,11589.0,223.0,5,99.0,False,8,car,0 days 00:00:58.618000,0 days 01:11:27.258000,4224.744444444444
2025-03-15 05:58:59.097000,10827.0,226.0,5,99.0,False,8,car,0 days 00:00:58.858000,0 days 01:11:27.498000,4239.81111111111
2025-03-15 05:58:59.257000,10666.0,233.0,5,99.0,False,8,car,0 days 00:00:59.018000,0 days 01:11:27.658000,4250.166666666666
2025-03-15 05:58:59.537000,10959.0,239.0,6,99.0,False,8,car,0 days 00:00:59.298000,0 days 01:11:27.938000,4268.7555555555555
2025-03-15 05:58:59.697000,11074.0,241.0,6,99.0,False,8,car,0 days 00:00:59.458000,0 days 01:11:28.098000,4279.466666666666
2025-03-15 05:59:00.017000,11194.0,245.0,6,64.0,False,8,car,0 days 00:00:59.778000,0 days 01:11:28.418000,4301.244444444444
2025-03-15 05:59:00.176000,11101.0,244.0,6,52.0,False,8,car,0 days 00:00:59.937000,0 days 01:11:28.577000,4312.02111111111
2025-03-15 05:59:00.417000,11020.0,241.0,6,51.0,False,8,car,0 days 00:01:00.178000,0 days 01:11:28.818000,4328.154722222222
2025-03-15 05:59:00.737000,10993.0,237.0,6,72.0,False,8,car,0 days 00:01:00.498000,0 days 01:11:29.138000,4349.221388888888
2025-03-15 05:59:00.977000,11069.0,240.0,6,98.0,False,8,car,0 days 00:01:00.738000,0 days 01:11:29.378000,4365.221388888888
2025-03-15 05:59:01.257000,11207.0,241.0,6,98.0,False,8,car,0 days 00:01:01.018000,0 days 01:11:29.658000,4383.965833333333
2025-03-15 05:59:01.497000,11316.0,244.0,6,98.0,False,8,car,0 days 00:01:01.258000,0 days 01:11:29.898000,4400.232499999999
2025-03-15 05:59:01.897000,11561.0,249.0,6,98.0,False,8,car,0 days 00:01:01.658000,0 days 01:11:30.298000,4427.899166666666
2025-03-15 05:59:02.057000,11561.0,249.0,6,99.0,False,8,car,0 days 00:01:01.818000,0 days 01:11:30.458000,4438.965833333333
2025-03-15 05:59:02.297000,11473.0,251.0,6,99.0,False,8,car,0 days 00:01:02.058000,0 days 01:11:30.698000,4455.699166666666
2025-03-15 05:59:02.497000,11552.0,253.0,6,99.0,False,8,car,0 days 00:01:02.258000,0 days 01:11:30.898000,4469.754722222222
2025-03-15 05:59:02.737000,11717.0,256.0,6,99.0,False,8,car,0 days 00:01:02.498000,0 days 01:11:31.138000,4486.821388888889
2025-03-15 05:59:02.897000,11117.0,255.0,6,9.0,True,8,car,0 days 00:01:02.658000,0 days 01:11:31.298000,4498.1547222222225
2025-03-15 05:59:03.136000,9969.0,223.0,6,0.0,True,8,car,0 days 00:01:02.897000,0 days 01:11:31.537000,4512.959444444445
2025-03-15 05:59:03.537000,9989.0,173.0,6,0.0,True,8,car,0 days 00:01:03.298000,0 days 01:11:31.938000,4532.229722222222
2025-03-15 05:59:03.896000,9891.0,147.0,4,0.0,True,8,car,0 days 00:01:03.657000,0 days 01:11:32.297000,4546.888888888889
2025-03-15 05:59:04.176000,9059.0,130.0,3,0.0,True,8,car,0 days 00:01:03.937000,0 days 01:11:32.577000,4557.0
2025-03-15 05:59:04.496000,8330.0,117.0,3,0.0,True,8,car,0 days 00:01:04.257000,0 days 01:11:32.897000,4567.400000000001
2025-03-15 05:59:04.776000,7728.0,113.0,3,0.0,True,8,car,0 days 00:01:04.537000,0 days 01:11:33.177000,4576.18888888889
2025-03-15 05:59:05.097000,7380.0,103.0,3,0.0,False,8,car,0 days 00:01:04.858000,0 days 01:11:33.498000,4585.373055555557
2025-03-15 05:59:05.336000,7220.0,99.0,3,1.0,False,8,car,0 days 00:01:05.097000,0 days 01:11:33.737000,4591.945555555556
2025-03-15 05:59:05.497000,7423.0,98.0,3,9.0,False,8,car,0 days 00:01:05.258000,0 days 01:11:33.898000,4596.328333333334
2025-03-15 05:59:05.777000,7702.0,100.0,3,41.0,False,8,car,0 days 00:01:05.538000,0 days 01:11:34.178000,4604.106111111111
2025-03-15 05:59:06.217000,8407.0,111.0,3,59.0,False,8,car,0 days 00:01:05.978000,0 days 01:11:34.618000,4617.672777777778
2025-03-15 05:59:06.457000,9085.0,122.0,3,78.0,False,8,car,0 days 00:01:06.218000,0 days 01:11:34.858000,4625.806111111111
2025-03-15 05:59:06.737000,10181.0,137.0,3,99.0,False,8,car,0 days 00:01:06.498000,0 days 01:11:35.138000,4636.461666666667
2025-03-15 05:59:06.897000,10603.0,137.0,3,99.0,False,8,car,0 days 00:01:06.658000,0 days 01:11:35.298000,4642.550555555556
2025-03-15 05:59:07.097000,11423.0,155.0,3,99.0,False,8,car,0 days 00:01:06.858000,0 days 01:11:35.498000,4651.161666666667
2025-03-15 05:59:07.377000,12225.0,169.0,3,96.0,False,8,car,0 days 00:01:07.138000,0 days 01:11:35.778000,4664.306111111111
2025-03-15 05:59:07.617000,11105.0,171.0,4,78.0,False,8,car,0 days 00:01:07.378000,0 days 01:11:36.018000,4675.706111111111
2025-03-15 05:59:07.897000,10897.0,174.0,4,67.0,False,8,car,0 days 00:01:07.658000,0 days 01:11:36.298000,4689.239444444444
2025-03-15 05:59:08.177000,11254.0,178.0,4,79.0,False,8,car,0 days 00:01:07.938000,0 days 01:11:36.578000,4703.083888888889
2025-03-15 05:59:08.417000,11716.0,183.0,4,85.0,False,8,car,0 days 00:01:08.178000,0 days 01:11:36.818000,4715.283888888889
2025-03-15 05:59:08.617000,11342.0,190.0,4,97.0,False,8,car,0 days 00:01:08.378000,0 days 01:11:37.018000,4725.839444444445
2025-03-15 05:59:09.257000,11145.0,206.0,5,98.0,False,8,car,0 days 00:01:09.018000,0 days 01:11:37.658000,4762.461666666667
2025-03-15 05:59:09.617000,11565.0,213.0,5,98.0,False,8,car,0 days 00:01:09.378000,0 days 01:11:38.018000,4783.761666666667
2025-03-15 05:59:09.777000,11430.0,217.0,5,99.0,False,8,car,0 days 00:01:09.538000,0 days 01:11:38.178000,4793.406111111111
2025-03-15 05:59:10.297000,10659.0,226.0,6,99.0,False,14,car,0 days 00:01:10.058000,0 days 01:11:38.698000,4826.0505555555565
2025-03-15 05:59:10.456000,10882.0,235.0,6,99.0,False,14,car,0 days 00:01:10.217000,0 days 01:11:38.857000,4836.429722222222
2025-03-15 05:59:10.696000,11022.0,240.0,6,99.0,False,14,car,0 days 00:01:10.457000,0 days 01:11:39.097000,4852.429722222222
2025-03-15 05:59:10.897000,11494.0,246.0,6,100.0,False,14,car,0 days 00:01:10.658000,0 days 01:11:39.298000,4866.164722222223
2025-03-15 05:59:11.256000,10913.0,257.0,6,100.0,False,14,car,0 days 00:01:11.017000,0 days 01:11:39.657000,4891.793333333333
2025-03-15 05:59:11.457000,10504.0,262.0,7,100.0,False,14,car,0 days 00:01:11.218000,0 days 01:11:39.858000,4906.421666666667
2025-03-15 05:59:11.657000,10562.0,266.0,7,100.0,False,14,car,0 days 00:01:11.418000,0 days 01:11:40.058000,4921.199444444445
2025-03-15 05:59:11.937000,10848.0,270.0,7,100.0,False,14,car,0 days 00:01:11.698000,0 days 01:11:40.338000,4942.199444444444
2025-03-15 05:59:12.337000,11126.0,277.0,7,100.0,False,14,car,0 days 00:01:12.098000,0 days 01:11:40.738000,4972.977222222223
2025-03-15 05:59:12.577000,11251.0,281.0,7,99.0,False,14,car,0 days 00:01:12.338000,0 days 01:11:40.978000,4991.710555555555
2025-03-15 05:59:12.777000,11445.0,285.0,7,99.0,False,14,car,0 days 00:01:12.538000,0 days 01:11:41.178000,5007.543888888889
2025-03-15 05:59:13.057000,11573.0,289.0,7,99.0,False,14,car,0 days 00:01:12.818000,0 days 01:11:41.458000,5030.021666666667
2025-03-15 05:59:13.377000,10387.0,293.0,8,100.0,False,14,car,0 days 00:01:13.138000,0 days 01:11:41.778000,5056.066111111112
2025-03-15 05:59:13.776000,10568.0,299.0,8,100.0,False,14,car,0 days 00:01:13.537000,0 days 01:11:42.177000,5089.205277777779
2025-03-15 05:59:14.017000,10654.0,302.0,8,100.0,False,14,car,0 days 00:01:13.778000,0 days 01:11:42.418000,5109.4225000000015
2025-03-15 05:59:14.338000,10777.0,305.0,8,100.0,False,14,car,0 days 00:01:14.099000,0 days 01:11:42.739000,5136.618333333335
2025-03-15 05:59:14.497000,10847.0,307.0,8,99.0,False,14,car,0 days 00:01:14.258000,0 days 01:11:42.898000,5150.177500000001
2025-03-15 05:59:14.817000,10893.0,309.0,8,100.0,False,14,car,0 days 00:01:14.578000,0 days 01:11:43.218000,5177.644166666668
2025-03-15 05:59:15.178000,11017.0,312.0,8,99.0,False,14,car,0 days 00:01:14.939000,0 days 01:11:43.579000,5208.930833333334
